{
  "backend/main.mo": "Main Motoko actor defining user profiles, resumes, career goals, and feedback types with access control, blob storage mixins, and CRUD operations for user profiles with authorization checks.",
  "feature_evidence.json": "Feature evidence report mapping implemented features (landing page, resume upload, AI review, career chat, skill gap analysis) to their source files, components, and test IDs with confidence levels.",
  "frontend-file-summaries.txt": "Pre-existing summaries of frontend files covering styling, routing, authentication, components, and pages for the career planning application.",
  "frontend/index.css": "Tailwind CSS configuration with custom OKLCH color variables for light and dark themes, defining design tokens for background, foreground, primary, secondary, and semantic colors.",
  "frontend/index.html": "HTML entry point with viewport meta tag and root div that loads the React application via main.tsx module script.",
  "frontend/src/App.tsx": "Root application component configuring TanStack Router with routes for landing, dashboard, resume upload/review, career chat, skills analysis, and profile pages, wrapping authenticated routes with AuthGuard and Layout.",
  "frontend/src/components/AuthGuard.tsx": "Authentication guard component that redirects unauthenticated users to landing page, displays loading spinner during initialization, and renders children only when authenticated.",
  "frontend/src/components/ChatInterface.tsx": "Chat interface component with message history, textarea input, send button, auto-scrolling, and simulated AI responses for career mentoring conversations.",
  "frontend/src/components/ChatMessage.tsx": "Individual chat message component displaying user or assistant messages with appropriate icons, styling, alignment, and timestamps.",
  "frontend/src/components/DashboardHeader.tsx": "Dashboard header displaying personalized time-based greeting, user name, current date, and briefcase icon.",
  "frontend/src/components/FeedbackSection.tsx": "Renders a list of feedback items with icons (CheckCircle2, AlertCircle, or Lightbulb) based on variant (positive, negative, or neutral). Each item is displayed with a colored background and icon matching the variant type.",
  "frontend/src/components/HeroSection.tsx": "Landing page hero component with background image, gradient overlay, and call-to-action buttons. Shows different CTAs based on authentication state (Dashboard/Upload Resume for authenticated users, login prompt for guests).",
  "frontend/src/components/Layout.tsx": "Main layout wrapper component that includes Navigation header, main content area with container styling, and footer with caffeine.ai attribution link.",
  "frontend/src/components/LearningRecommendations.tsx": "Displays a card with skill-based learning recommendations, each showing priority level (High/Medium/Low) with colored badges and a list of recommended resources with external link icons.",
  "frontend/src/components/LoginButton.tsx": "Authentication button that toggles between Login/Logout states using Internet Identity, handles login errors, and clears query cache on logout.",
  "frontend/src/components/Navigation.tsx": "Sticky navigation bar with responsive design featuring desktop horizontal menu and mobile sheet drawer. Shows authenticated navigation items (Dashboard, Upload, Review, Chat, Skills, Profile) with icons and active state highlighting.",
  "frontend/src/components/ProfileEditor.tsx": "Form component for editing user profile name with save and cancel buttons. Handles profile mutation and calls onSave callback on successful update.",
  "frontend/src/components/ProfileSetupModal.tsx": "Modal dialog that appears for authenticated users without a profile, prompting them to enter their name. Cannot be dismissed until profile is created.",
  "frontend/src/components/ProgressCard.tsx": "Displays a metric card with title, numeric value, and icon with customizable color theme (primary, secondary, success, warning).",
  "frontend/src/components/QuickActions.tsx": "Card component showing three action buttons (Upload Resume, Career Chat, Analyze Skills) in a grid layout, each with icon, description, and navigation on click.",
  "frontend/src/components/RecentActivity.tsx": "Displays a list of recent user activities (uploaded resumes, reviews, career goals) derived from UserProfile data. Shows welcome message if no activities exist.",
  "frontend/src/components/ResumeFeedback.tsx": "Displays detailed resume analysis with overall score, category scores (structure, content, keywords, formatting), and expandable sections for strengths, weaknesses, and improvement suggestions using mock data.",
  "frontend/src/components/ResumeList.tsx": "Lists uploaded resumes with metadata and provides navigation to view detailed analysis for each resume via ResumeFeedback component.",
  "frontend/src/components/ResumeUploader.tsx": "Handles resume file uploads (PDF/DOCX) with drag-and-drop support, file validation, progress tracking, and saves uploaded files to user profile using ExternalBlob.",
  "frontend/src/components/ServicesSection.tsx": "Marketing section displaying three service cards (Resume Review, Career Planning, Skills Gap Analysis) with icons and descriptions.",
  "frontend/src/components/SkillComparisonChart.tsx": "Visualizes skill match rate between user's current skills and required skills for a target role, showing which skills are present or missing.",
  "frontend/src/components/SkillInputForm.tsx": "Form for entering target job role and current skills, then triggers mock skills gap analysis with recommendations and learning resources.",
  "frontend/src/components/TestimonialsSection.tsx": "Marketing section displaying three user testimonials in card format with quotes, author names, and roles.",
  "frontend/src/hooks/useActor.ts": "React Query hook that creates and manages backend actor instances with Internet Identity authentication, handling both authenticated and anonymous actors while invalidating dependent queries on identity changes.",
  "frontend/src/hooks/useInternetIdentity.ts": "Provides React context and hooks for Internet Identity authentication on ICP, managing login state, identity storage, and delegation validation with configurable AuthClient options.",
  "frontend/src/hooks/useQueries.ts": "Exports React Query hooks for fetching and saving the current user's profile using the backend actor, with automatic cache invalidation on mutations.",
  "frontend/src/index.css": "Defines Tailwind CSS configuration with custom CSS variables for a professional blue-purple color palette supporting light and dark themes, including semantic tokens for UI components.",
  "frontend/src/main.tsx": "Application entry point that renders the root component wrapped with QueryClientProvider and InternetIdentityProvider for state management and authentication.",
  "frontend/src/pages/CareerChatPage.tsx": "Displays a chat interface page where users can interact with an AI career mentor for personalized guidance and advice.",
  "frontend/src/pages/DashboardPage.tsx": "Main dashboard page showing user statistics (resumes, reviews, goals), quick actions, getting started guide, and recent activity with loading states.",
  "frontend/src/pages/LandingPage.tsx": "Public landing page with header, hero section, services, testimonials, and footer; conditionally shows dashboard link for authenticated users.",
  "frontend/src/pages/ProfilePage.tsx": "User profile page displaying personal information, career goals, and activity summary with edit mode toggle using ProfileEditor component.",
  "frontend/src/pages/ResumeReviewPage.tsx": "Page for viewing uploaded resumes with detailed analysis; shows empty state alert when no resumes exist and a list of resumes otherwise.",
  "frontend/src/pages/ResumeUploadPage.tsx": "React page component for resume upload functionality with success state display, file format instructions, and a step-by-step guide for what happens after upload.",
  "frontend/src/pages/SkillGapAnalysisPage.tsx": "React page component that provides skill gap analysis by accepting user skills and target role input, then displaying comparison charts and learning recommendations.",
  "frontend/src/utils/urlParams.ts": "Utility module for extracting and managing URL parameters from both regular query strings and hash-based routing, with sessionStorage persistence support for maintaining state across navigation.",
  "frontend/tailwind.config.js": "Tailwind CSS configuration defining custom color schemes using OKLCH color space, extended theme properties including animations, typography, and container queries plugins.",
  "project_state.json": "Project metadata file documenting the Career Planning & Resume Mentor application architecture, existing features (landing page, resume upload/analysis, AI review, chat interface, skill gap analysis, user profiles, dashboard), and image requirements."
}