{
  "kind": "build_request",
  "title": "Build Career Planning & Resume Mentor application",
  "projectName": "Career Mentor",
  "priority": "normal",
  "requirements": [
    {
      "id": "REQ-1",
      "text": "Create a professional landing page with sections for career planning services, resume mentoring features, and user testimonials with a modern, professional design aesthetic",
      "target": "frontend",
      "source": {
        "messageIds": [
          "msg-1"
        ]
      },
      "acceptanceCriteria": [
        "Landing page displays career planning and resume mentoring value propositions clearly",
        "Professional visual design with cohesive color scheme and typography",
        "Responsive layout works on desktop and mobile devices"
      ]
    },
    {
      "id": "REQ-2",
      "text": "Implement a resume upload and analysis feature that accepts PDF and DOCX file formats, extracts text content, and stores resume data in the backend",
      "target": "both",
      "source": {
        "messageIds": [
          "msg-1"
        ]
      },
      "acceptanceCriteria": [
        "Users can upload resume files in PDF or DOCX format",
        "Backend successfully extracts and stores resume text content",
        "Upload progress and success confirmation displayed to user"
      ]
    },
    {
      "id": "REQ-3",
      "text": "Create an AI-powered resume review system that analyzes uploaded resumes and provides detailed feedback on structure, content, keywords, formatting, and improvement suggestions",
      "target": "both",
      "source": {
        "messageIds": [
          "msg-1"
        ]
      },
      "acceptanceCriteria": [
        "Backend processes resume text and generates structured feedback",
        "Feedback includes sections for strengths, weaknesses, and actionable improvements",
        "Frontend displays feedback in an organized, readable format with clear sections"
      ]
    },
    {
      "id": "REQ-4",
      "text": "Build a career planning chat interface where users can ask questions about career paths, skill development, job market trends, and receive AI-generated guidance",
      "target": "both",
      "source": {
        "messageIds": [
          "msg-1"
        ]
      },
      "acceptanceCriteria": [
        "Chat interface allows users to type and submit career-related questions",
        "Backend generates relevant, helpful career guidance responses",
        "Chat history is displayed in a conversational format with user and AI messages clearly distinguished"
      ]
    },
    {
      "id": "REQ-5",
      "text": "Implement a skill gap analysis feature that compares user's current skills against target job requirements and suggests learning paths",
      "target": "both",
      "source": {
        "messageIds": [
          "msg-1"
        ]
      },
      "acceptanceCriteria": [
        "Users can input their current skills and target job role",
        "Backend identifies skill gaps and generates personalized learning recommendations",
        "Frontend displays skill comparison visualization and recommended courses or resources"
      ]
    },
    {
      "id": "REQ-6",
      "text": "Create a user profile system that stores user information, career goals, uploaded resumes, and conversation history with authentication through Internet Identity",
      "target": "both",
      "source": {
        "messageIds": [
          "msg-1"
        ]
      },
      "acceptanceCriteria": [
        "Users can authenticate using Internet Identity",
        "User profile stores career goals, resume data, and chat history",
        "Users can view and update their profile information"
      ]
    },
    {
      "id": "REQ-7",
      "text": "Design and implement a dashboard that displays user's career progress, recent resume feedback, upcoming goals, and quick access to mentoring features",
      "target": "frontend",
      "source": {
        "messageIds": [
          "msg-1"
        ]
      },
      "acceptanceCriteria": [
        "Dashboard shows overview of user's career planning activities",
        "Quick action buttons for resume upload and starting career chat",
        "Visual progress indicators for career goals and milestones"
      ]
    }
  ],
  "constraints": [
    "Must use React with TypeScript for frontend (Streamlit is not supported on this platform)",
    "Must use Motoko for backend logic (Claude API direct integration is not supported; implement AI-like career guidance logic using Motoko)",
    "All authentication must use Internet Identity",
    "No external API integrations for AI services"
  ],
  "nonGoals": [
    "Integration with external Claude API or other LLM services",
    "Streamlit framework implementation",
    "Real-time collaboration features",
    "Email notifications or SMS alerts",
    "Payment processing for premium features",
    "Third-party authentication providers beyond Internet Identity"
  ],
  "imageRequirements": {
    "required": [
      "Professional hero background image showing career growth theme with abstract geometric patterns in warm, professional tones (hero-background.dim_1920x1080.png)",
      "Career planning icon illustration with upward arrow and briefcase motif (career-icon.dim_200x200.png)",
      "Resume review icon illustration with document and checkmark design (resume-icon.dim_200x200.png)",
      "Skills development icon illustration with ascending bar chart style (skills-icon.dim_200x200.png)"
    ],
    "edits": []
  }
}