{
  "kind": "coverage_report",
  "version": "1.0",
  "generatedAt": "2026-02-24T10:09:35.528Z",
  "sources": {
    "buildRequest": true,
    "implementationPlan": true
  },
  "requirements": {
    "total": 7,
    "implemented": 7,
    "items": [
      {
        "id": "REQ-1",
        "summary": "Create a professional landing page with sections for career planning services, resume mentoring features, and user testimonials with a modern, professional design aesthetic",
        "status": "implemented",
        "plannedFiles": [
          "frontend/src/pages/LandingPage.tsx",
          "frontend/src/components/HeroSection.tsx",
          "frontend/src/components/ServicesSection.tsx",
          "frontend/src/components/TestimonialsSection.tsx",
          "frontend/src/index.css",
          "frontend/tailwind.config.js",
          "frontend/src/App.tsx"
        ],
        "matchedFiles": [
          "frontend/src/pages/LandingPage.tsx",
          "frontend/src/components/HeroSection.tsx",
          "frontend/src/components/ServicesSection.tsx",
          "frontend/src/components/TestimonialsSection.tsx",
          "frontend/src/index.css",
          "frontend/tailwind.config.js",
          "frontend/src/App.tsx"
        ]
      },
      {
        "id": "REQ-2",
        "summary": "Implement a resume upload and analysis feature that accepts PDF and DOCX file formats, extracts text content, and stores resume data in the backend",
        "status": "implemented",
        "plannedFiles": [
          "frontend/src/pages/ResumeUploadPage.tsx",
          "frontend/src/components/ResumeUploader.tsx",
          "frontend/src/hooks/useResumeUpload.ts",
          "frontend/src/App.tsx"
        ],
        "matchedFiles": [
          "frontend/src/pages/ResumeUploadPage.tsx",
          "frontend/src/components/ResumeUploader.tsx",
          "frontend/src/App.tsx"
        ]
      },
      {
        "id": "REQ-3",
        "summary": "Create an AI-powered resume review system that analyzes uploaded resumes and provides detailed feedback on structure, content, keywords, formatting, and improvement suggestions",
        "status": "implemented",
        "plannedFiles": [
          "frontend/src/pages/ResumeReviewPage.tsx",
          "frontend/src/components/ResumeList.tsx",
          "frontend/src/components/ResumeFeedback.tsx",
          "frontend/src/components/FeedbackSection.tsx",
          "frontend/src/App.tsx"
        ],
        "matchedFiles": [
          "frontend/src/pages/ResumeReviewPage.tsx",
          "frontend/src/components/ResumeList.tsx",
          "frontend/src/components/ResumeFeedback.tsx",
          "frontend/src/components/FeedbackSection.tsx",
          "frontend/src/App.tsx"
        ]
      },
      {
        "id": "REQ-4",
        "summary": "Build a career planning chat interface where users can ask questions about career paths, skill development, job market trends, and receive AI-generated guidance",
        "status": "implemented",
        "plannedFiles": [
          "frontend/src/pages/CareerChatPage.tsx",
          "frontend/src/components/ChatInterface.tsx",
          "frontend/src/components/ChatMessage.tsx",
          "frontend/src/hooks/useCareerChat.ts",
          "frontend/src/App.tsx"
        ],
        "matchedFiles": [
          "frontend/src/pages/CareerChatPage.tsx",
          "frontend/src/components/ChatInterface.tsx",
          "frontend/src/components/ChatMessage.tsx",
          "frontend/src/App.tsx"
        ]
      },
      {
        "id": "REQ-5",
        "summary": "Implement a skill gap analysis feature that compares user's current skills against target job requirements and suggests learning paths",
        "status": "implemented",
        "plannedFiles": [
          "frontend/src/pages/SkillGapAnalysisPage.tsx",
          "frontend/src/components/SkillInputForm.tsx",
          "frontend/src/components/SkillComparisonChart.tsx",
          "frontend/src/components/LearningRecommendations.tsx",
          "frontend/src/hooks/useSkillGapAnalysis.ts",
          "frontend/src/App.tsx"
        ],
        "matchedFiles": [
          "frontend/src/pages/SkillGapAnalysisPage.tsx",
          "frontend/src/components/SkillInputForm.tsx",
          "frontend/src/components/SkillComparisonChart.tsx",
          "frontend/src/components/LearningRecommendations.tsx",
          "frontend/src/App.tsx"
        ]
      },
      {
        "id": "REQ-6",
        "summary": "Create a user profile system that stores user information, career goals, uploaded resumes, and conversation history with authentication through Internet Identity",
        "status": "implemented",
        "plannedFiles": [
          "frontend/src/components/LoginButton.tsx",
          "frontend/src/components/ProfileSetupModal.tsx",
          "frontend/src/pages/ProfilePage.tsx",
          "frontend/src/components/ProfileEditor.tsx",
          "frontend/src/hooks/useUserProfile.ts",
          "frontend/src/components/AuthGuard.tsx",
          "frontend/src/App.tsx"
        ],
        "matchedFiles": [
          "frontend/src/components/LoginButton.tsx",
          "frontend/src/components/ProfileSetupModal.tsx",
          "frontend/src/pages/ProfilePage.tsx",
          "frontend/src/components/ProfileEditor.tsx",
          "frontend/src/components/AuthGuard.tsx",
          "frontend/src/App.tsx"
        ]
      },
      {
        "id": "REQ-7",
        "summary": "Design and implement a dashboard that displays user's career progress, recent resume feedback, upcoming goals, and quick access to mentoring features",
        "status": "implemented",
        "plannedFiles": [
          "frontend/src/pages/DashboardPage.tsx",
          "frontend/src/components/DashboardHeader.tsx",
          "frontend/src/components/ProgressCard.tsx",
          "frontend/src/components/QuickActions.tsx",
          "frontend/src/components/RecentActivity.tsx",
          "frontend/src/components/Navigation.tsx",
          "frontend/src/components/Layout.tsx",
          "frontend/src/App.tsx"
        ],
        "matchedFiles": [
          "frontend/src/pages/DashboardPage.tsx",
          "frontend/src/components/DashboardHeader.tsx",
          "frontend/src/components/ProgressCard.tsx",
          "frontend/src/components/QuickActions.tsx",
          "frontend/src/components/RecentActivity.tsx",
          "frontend/src/components/Navigation.tsx",
          "frontend/src/components/Layout.tsx",
          "frontend/src/App.tsx"
        ]
      }
    ]
  },
  "changedFiles": [
    "backend/authorization/MixinAuthorization.mo",
    "backend/authorization/access-control.mo",
    "backend/blob-storage/Mixin.mo",
    "backend/blob-storage/Storage.mo",
    "backend/main.mo",
    "build-request.json",
    "build-template/Dockerfile",
    "build-template/LICENSE",
    "build-template/README.md",
    "build-template/deploy.sh",
    "build-template/icp.yaml",
    "build-template/package.json",
    "build-template/pnpm-lock.yaml",
    "build-template/pnpm-workspace.yaml",
    "build-template/scripts/prune-unused-images.js",
    "build-template/scripts/resize-images.js",
    "build-template/src/backend/canister.yaml",
    "build-template/src/backend/system-idl/aaaaa-aa.did",
    "build-template/src/frontend/canister.yaml",
    "build-template/src/frontend/components.json",
    "build-template/src/frontend/env.json",
    "build-template/src/frontend/eslint-rules/no-bigint-in-query-keys.js",
    "build-template/src/frontend/eslint-rules/require-internet-identity-provider.js",
    "build-template/src/frontend/eslint.config.js",
    "build-template/src/frontend/package.json",
    "build-template/src/frontend/postcss.config.js",
    "build-template/src/frontend/src/components/ui/accordion.tsx",
    "build-template/src/frontend/src/components/ui/alert-dialog.tsx",
    "build-template/src/frontend/src/components/ui/alert.tsx",
    "build-template/src/frontend/src/components/ui/aspect-ratio.tsx",
    "build-template/src/frontend/src/components/ui/avatar.tsx",
    "build-template/src/frontend/src/components/ui/badge.tsx",
    "build-template/src/frontend/src/components/ui/breadcrumb.tsx",
    "build-template/src/frontend/src/components/ui/button.tsx",
    "build-template/src/frontend/src/components/ui/calendar.tsx",
    "build-template/src/frontend/src/components/ui/card.tsx",
    "build-template/src/frontend/src/components/ui/carousel.tsx",
    "build-template/src/frontend/src/components/ui/chart.tsx",
    "build-template/src/frontend/src/components/ui/checkbox.tsx",
    "build-template/src/frontend/src/components/ui/collapsible.tsx",
    "build-template/src/frontend/src/components/ui/command.tsx",
    "build-template/src/frontend/src/components/ui/context-menu.tsx",
    "build-template/src/frontend/src/components/ui/dialog.tsx",
    "build-template/src/frontend/src/components/ui/drawer.tsx",
    "build-template/src/frontend/src/components/ui/dropdown-menu.tsx",
    "build-template/src/frontend/src/components/ui/form.tsx",
    "build-template/src/frontend/src/components/ui/hover-card.tsx",
    "build-template/src/frontend/src/components/ui/input-otp.tsx",
    "build-template/src/frontend/src/components/ui/input.tsx",
    "build-template/src/frontend/src/components/ui/label.tsx",
    "build-template/src/frontend/src/components/ui/menubar.tsx",
    "build-template/src/frontend/src/components/ui/navigation-menu.tsx",
    "build-template/src/frontend/src/components/ui/pagination.tsx",
    "build-template/src/frontend/src/components/ui/popover.tsx",
    "build-template/src/frontend/src/components/ui/progress.tsx",
    "build-template/src/frontend/src/components/ui/radio-group.tsx",
    "build-template/src/frontend/src/components/ui/resizable.tsx",
    "build-template/src/frontend/src/components/ui/scroll-area.tsx",
    "build-template/src/frontend/src/components/ui/select.tsx",
    "build-template/src/frontend/src/components/ui/separator.tsx",
    "build-template/src/frontend/src/components/ui/sheet.tsx",
    "build-template/src/frontend/src/components/ui/sidebar.tsx",
    "build-template/src/frontend/src/components/ui/skeleton.tsx",
    "build-template/src/frontend/src/components/ui/slider.tsx",
    "build-template/src/frontend/src/components/ui/sonner.tsx",
    "build-template/src/frontend/src/components/ui/switch.tsx",
    "build-template/src/frontend/src/components/ui/table.tsx",
    "build-template/src/frontend/src/components/ui/tabs.tsx",
    "build-template/src/frontend/src/components/ui/textarea.tsx",
    "build-template/src/frontend/src/components/ui/toggle-group.tsx",
    "build-template/src/frontend/src/components/ui/toggle.tsx",
    "build-template/src/frontend/src/components/ui/tooltip.tsx",
    "build-template/src/frontend/src/hooks/use-mobile.tsx",
    "build-template/src/frontend/src/lib/utils.ts",
    "build-template/src/frontend/tsconfig.json",
    "build-template/src/frontend/vite.config.js",
    "build-template/tsconfig.json",
    "caffeine.lock.json",
    "feature_evidence.json",
    "frontend-file-summaries.txt",
    "frontend-implementation-plan.json",
    "frontend/index.css",
    "frontend/index.html",
    "frontend/public/assets/generated/career-icon.dim_200x200.png",
    "frontend/public/assets/generated/hero-background.dim_1920x1080.png",
    "frontend/public/assets/generated/resume-icon.dim_200x200.png",
    "frontend/public/assets/generated/skills-icon.dim_200x200.png",
    "frontend/src/App.tsx",
    "frontend/src/backend.d.ts",
    "frontend/src/backend.ts",
    "frontend/src/components/AuthGuard.tsx",
    "frontend/src/components/ChatInterface.tsx",
    "frontend/src/components/ChatMessage.tsx",
    "frontend/src/components/DashboardHeader.tsx",
    "frontend/src/components/FeedbackSection.tsx",
    "frontend/src/components/HeroSection.tsx",
    "frontend/src/components/Layout.tsx",
    "frontend/src/components/LearningRecommendations.tsx",
    "frontend/src/components/LoginButton.tsx",
    "frontend/src/components/Navigation.tsx",
    "frontend/src/components/ProfileEditor.tsx",
    "frontend/src/components/ProfileSetupModal.tsx",
    "frontend/src/components/ProgressCard.tsx",
    "frontend/src/components/QuickActions.tsx",
    "frontend/src/components/RecentActivity.tsx",
    "frontend/src/components/ResumeFeedback.tsx",
    "frontend/src/components/ResumeList.tsx",
    "frontend/src/components/ResumeUploader.tsx",
    "frontend/src/components/ServicesSection.tsx",
    "frontend/src/components/SkillComparisonChart.tsx",
    "frontend/src/components/SkillInputForm.tsx",
    "frontend/src/components/TestimonialsSection.tsx",
    "frontend/src/config.ts",
    "frontend/src/declarations/backend.did.d.ts",
    "frontend/src/declarations/backend.did.js",
    "frontend/src/hooks/useActor.ts",
    "frontend/src/hooks/useInternetIdentity.ts",
    "frontend/src/hooks/useQueries.ts",
    "frontend/src/index.css",
    "frontend/src/main.tsx",
    "frontend/src/pages/CareerChatPage.tsx",
    "frontend/src/pages/DashboardPage.tsx",
    "frontend/src/pages/LandingPage.tsx",
    "frontend/src/pages/ProfilePage.tsx",
    "frontend/src/pages/ResumeReviewPage.tsx",
    "frontend/src/pages/ResumeUploadPage.tsx",
    "frontend/src/pages/SkillGapAnalysisPage.tsx",
    "frontend/src/ui-summary.json",
    "frontend/src/utils/StorageClient.ts",
    "frontend/src/utils/urlParams.ts",
    "frontend/tailwind.config.js",
    "project_state.json",
    "scratch/component-selection.json",
    "spec.md",
    "spec_vs_diff_report.json"
  ]
}