{
  "kind": "feature_evidence_report",
  "features": [
    {
      "featureId": "feature-create-a-professional-landing-page-with-sections-for-career-planning-services-resume-mentoring-features-and-user-testimonials-with-a-modern-professional-design-aesthetic",
      "featureTitle": "Create a professional landing page with sections for career planning services, resume mentoring features, and user testimonials with a modern, professional design aesthetic",
      "files": [
        "frontend/src/App.tsx",
        "frontend/src/components/HeroSection.tsx",
        "frontend/src/components/ServicesSection.tsx",
        "frontend/src/components/TestimonialsSection.tsx",
        "frontend/src/index.css",
        "frontend/src/pages/LandingPage.tsx",
        "frontend/tailwind.config.js"
      ],
      "components": [
        "authorization@4.0.0",
        "blob-storage@4.0.0",
        "core-infrastructure@1.0.2",
        "shadcn-ui@1.0.0",
        "build-template-react@1.0.0",
        "initial-app@1.0.0",
        "github-export-icp-cli@1.0.0"
      ],
      "testIds": [
        "REQ-1"
      ],
      "confidence": "high"
    },
    {
      "featureId": "feature-implement-a-resume-upload-and-analysis-feature-that-accepts-pdf-and-docx-file-formats-extracts-text-content-and-stores-resume-data-in-the-backend",
      "featureTitle": "Implement a resume upload and analysis feature that accepts PDF and DOCX file formats, extracts text content, and stores resume data in the backend",
      "files": [
        "frontend/src/App.tsx",
        "frontend/src/components/ResumeUploader.tsx",
        "frontend/src/pages/ResumeUploadPage.tsx"
      ],
      "components": [
        "authorization@4.0.0",
        "blob-storage@4.0.0",
        "core-infrastructure@1.0.2",
        "shadcn-ui@1.0.0",
        "build-template-react@1.0.0",
        "initial-app@1.0.0",
        "github-export-icp-cli@1.0.0"
      ],
      "testIds": [
        "REQ-2"
      ],
      "confidence": "high"
    },
    {
      "featureId": "feature-create-an-ai-powered-resume-review-system-that-analyzes-uploaded-resumes-and-provides-detailed-feedback-on-structure-content-keywords-formatting-and-improvement-suggestions",
      "featureTitle": "Create an AI-powered resume review system that analyzes uploaded resumes and provides detailed feedback on structure, content, keywords, formatting, and improvement suggestions",
      "files": [
        "frontend/src/App.tsx",
        "frontend/src/components/FeedbackSection.tsx",
        "frontend/src/components/ResumeFeedback.tsx",
        "frontend/src/components/ResumeList.tsx",
        "frontend/src/pages/ResumeReviewPage.tsx"
      ],
      "components": [
        "authorization@4.0.0",
        "blob-storage@4.0.0",
        "core-infrastructure@1.0.2",
        "shadcn-ui@1.0.0",
        "build-template-react@1.0.0",
        "initial-app@1.0.0",
        "github-export-icp-cli@1.0.0"
      ],
      "testIds": [
        "REQ-3"
      ],
      "confidence": "high"
    },
    {
      "featureId": "feature-build-a-career-planning-chat-interface-where-users-can-ask-questions-about-career-paths-skill-development-job-market-trends-and-receive-ai-generated-guidance",
      "featureTitle": "Build a career planning chat interface where users can ask questions about career paths, skill development, job market trends, and receive AI-generated guidance",
      "files": [
        "frontend/src/App.tsx",
        "frontend/src/components/ChatInterface.tsx",
        "frontend/src/components/ChatMessage.tsx",
        "frontend/src/pages/CareerChatPage.tsx"
      ],
      "components": [
        "authorization@4.0.0",
        "blob-storage@4.0.0",
        "core-infrastructure@1.0.2",
        "shadcn-ui@1.0.0",
        "build-template-react@1.0.0",
        "initial-app@1.0.0",
        "github-export-icp-cli@1.0.0"
      ],
      "testIds": [
        "REQ-4"
      ],
      "confidence": "high"
    },
    {
      "featureId": "feature-implement-a-skill-gap-analysis-feature-that-compares-user-s-current-skills-against-target-job-requirements-and-suggests-learning-paths",
      "featureTitle": "Implement a skill gap analysis feature that compares user's current skills against target job requirements and suggests learning paths",
      "files": [
        "frontend/src/App.tsx",
        "frontend/src/components/LearningRecommendations.tsx",
        "frontend/src/components/SkillComparisonChart.tsx",
        "frontend/src/components/SkillInputForm.tsx",
        "frontend/src/pages/SkillGapAnalysisPage.tsx"
      ],
      "components": [
        "authorization@4.0.0",
        "blob-storage@4.0.0",
        "core-infrastructure@1.0.2",
        "shadcn-ui@1.0.0",
        "build-template-react@1.0.0",
        "initial-app@1.0.0",
        "github-export-icp-cli@1.0.0"
      ],
      "testIds": [
        "REQ-5"
      ],
      "confidence": "high"
    },
    {
      "featureId": "feature-create-a-user-profile-system-that-stores-user-information-career-goals-uploaded-resumes-and-conversation-history-with-authentication-through-internet-identity",
      "featureTitle": "Create a user profile system that stores user information, career goals, uploaded resumes, and conversation history with authentication through Internet Identity",
      "files": [
        "frontend/src/App.tsx",
        "frontend/src/components/AuthGuard.tsx",
        "frontend/src/components/LoginButton.tsx",
        "frontend/src/components/ProfileEditor.tsx",
        "frontend/src/components/ProfileSetupModal.tsx",
        "frontend/src/pages/ProfilePage.tsx"
      ],
      "components": [
        "authorization@4.0.0",
        "blob-storage@4.0.0",
        "core-infrastructure@1.0.2",
        "shadcn-ui@1.0.0",
        "build-template-react@1.0.0",
        "initial-app@1.0.0",
        "github-export-icp-cli@1.0.0"
      ],
      "testIds": [
        "REQ-6"
      ],
      "confidence": "high"
    },
    {
      "featureId": "feature-design-and-implement-a-dashboard-that-displays-user-s-career-progress-recent-resume-feedback-upcoming-goals-and-quick-access-to-mentoring-features",
      "featureTitle": "Design and implement a dashboard that displays user's career progress, recent resume feedback, upcoming goals, and quick access to mentoring features",
      "files": [
        "frontend/src/App.tsx",
        "frontend/src/components/DashboardHeader.tsx",
        "frontend/src/components/Layout.tsx",
        "frontend/src/components/Navigation.tsx",
        "frontend/src/components/ProgressCard.tsx",
        "frontend/src/components/QuickActions.tsx",
        "frontend/src/components/RecentActivity.tsx",
        "frontend/src/pages/DashboardPage.tsx"
      ],
      "components": [
        "authorization@4.0.0",
        "blob-storage@4.0.0",
        "core-infrastructure@1.0.2",
        "shadcn-ui@1.0.0",
        "build-template-react@1.0.0",
        "initial-app@1.0.0",
        "github-export-icp-cli@1.0.0"
      ],
      "testIds": [
        "REQ-7"
      ],
      "confidence": "high"
    }
  ]
}