{
  "kind": "implementation_plan",
  "version": "1.0",
  "title": "Career Planning & Resume Mentor Frontend Implementation",
  "requirements": [
    {
      "id": "REQ-1",
      "summary": "Create professional landing page with career planning services, resume mentoring features, and testimonials",
      "acceptanceCriteria": [
        "Landing page displays career planning and resume mentoring value propositions clearly",
        "Professional visual design with cohesive color scheme and typography",
        "Responsive layout works on desktop and mobile devices"
      ],
      "file_operations": [
        {
          "path": "frontend/src/pages/LandingPage.tsx",
          "operation": "create",
          "description": "Create landing page component with hero section using generated hero-background.dim_1920x1080.png from frontend/public/assets/generated/hero-background.dim_1920x1080.png, services section showcasing career planning and resume mentoring features with icons career-icon.dim_200x200.png, resume-icon.dim_200x200.png, and skills-icon.dim_200x200.png from frontend/public/assets/generated/, and testimonials section. Use authorization component to show login/logout button and conditionally render CTA buttons based on authentication state."
        },
        {
          "path": "frontend/src/components/HeroSection.tsx",
          "operation": "create",
          "description": "Create hero section component with background image using frontend/public/assets/generated/hero-background.dim_1920x1080.png, professional headline about career mentoring, value proposition text, and prominent CTA buttons for authenticated users. Apply responsive design with Tailwind classes."
        },
        {
          "path": "frontend/src/components/ServicesSection.tsx",
          "operation": "create",
          "description": "Create services section component displaying three service cards: career planning (using frontend/public/assets/generated/career-icon.dim_200x200.png), resume review (using frontend/public/assets/generated/resume-icon.dim_200x200.png), and skills development (using frontend/public/assets/generated/skills-icon.dim_200x200.png). Each card includes icon, title, and description with consistent styling."
        },
        {
          "path": "frontend/src/components/TestimonialsSection.tsx",
          "operation": "create",
          "description": "Create testimonials section component with at least 3 sample testimonials showcasing career success stories. Use card-based layout with testimonial text, author name, and role information."
        },
        {
          "path": "frontend/src/index.css",
          "operation": "modify",
          "description": "Add custom CSS variables for professional color scheme (primary blues/purples for trust, accent warm tones for engagement), typography settings for headings and body text, and any global styles needed for the professional aesthetic."
        },
        {
          "path": "frontend/tailwind.config.js",
          "operation": "modify",
          "description": "Extend Tailwind configuration with custom color palette matching the professional design aesthetic, custom font families if needed, and responsive breakpoints configuration."
        },
        {
          "path": "frontend/src/App.tsx",
          "operation": "modify",
          "description": "Configure React Router with route for LandingPage at / path. Wire LandingPage as the default public route accessible to all users."
        }
      ]
    },
    {
      "id": "REQ-2",
      "summary": "Implement resume upload and analysis feature with PDF/DOCX support",
      "acceptanceCriteria": [
        "Users can upload resume files in PDF or DOCX format",
        "Backend successfully extracts and stores resume text content",
        "Upload progress and success confirmation displayed to user"
      ],
      "file_operations": [
        {
          "path": "frontend/src/pages/ResumeUploadPage.tsx",
          "operation": "create",
          "description": "Create resume upload page with file input accepting PDF and DOCX formats, upload progress indicator, and success/error messaging. Use the blob-storage component via ExternalBlob.fromBytes() with withUploadProgress() for file upload. Verify the blob-storage component's usage instructions before implementing. After successful upload, call saveCallerUserProfile to add the ExternalBlob to uploadedResumes array. Requires user authentication."
        },
        {
          "path": "frontend/src/components/ResumeUploader.tsx",
          "operation": "create",
          "description": "Create reusable resume uploader component with drag-and-drop support, file validation for PDF/DOCX formats, upload progress bar using blob-storage's withUploadProgress callback, and visual feedback for upload states (idle, uploading, success, error)."
        },
        {
          "path": "frontend/src/hooks/useResumeUpload.ts",
          "operation": "create",
          "description": "Create custom hook managing resume upload logic: file validation, ExternalBlob creation from file bytes, progress tracking, error handling, and updating user profile with uploaded resume reference via saveCallerUserProfile."
        },
        {
          "path": "frontend/src/App.tsx",
          "operation": "modify",
          "description": "Add route for ResumeUploadPage at /resume/upload path. Wrap route with authentication guard to ensure only logged-in users can access."
        }
      ]
    },
    {
      "id": "REQ-3",
      "summary": "Create AI-powered resume review system with detailed feedback display",
      "acceptanceCriteria": [
        "Backend processes resume text and generates structured feedback",
        "Feedback includes sections for strengths, weaknesses, and actionable improvements",
        "Frontend displays feedback in an organized, readable format with clear sections"
      ],
      "file_operations": [
        {
          "path": "frontend/src/pages/ResumeReviewPage.tsx",
          "operation": "create",
          "description": "Create resume review page displaying user's uploaded resumes list and allowing selection for review. Show review results with structured sections for strengths, weaknesses, keywords analysis, formatting feedback, and improvement suggestions. Fetch resume data from user profile's reviewedResumes array."
        },
        {
          "path": "frontend/src/components/ResumeList.tsx",
          "operation": "create",
          "description": "Create component displaying user's uploaded resumes as selectable cards. Each card shows upload date and provides action button to view review or request new review. Fetch data from user profile's uploadedResumes array."
        },
        {
          "path": "frontend/src/components/ResumeFeedback.tsx",
          "operation": "create",
          "description": "Create component rendering structured resume feedback with collapsible sections for strengths, weaknesses, keyword analysis, formatting tips, and actionable improvements. Use shadcn/ui Accordion or Card components for organized presentation."
        },
        {
          "path": "frontend/src/components/FeedbackSection.tsx",
          "operation": "create",
          "description": "Create reusable feedback section component for displaying categorized feedback items with icons, headings, and bullet points. Support different visual styles for positive (strengths) and negative (weaknesses) feedback."
        },
        {
          "path": "frontend/src/App.tsx",
          "operation": "modify",
          "description": "Add route for ResumeReviewPage at /resume/review path. Wrap route with authentication guard to ensure only logged-in users can access."
        }
      ]
    },
    {
      "id": "REQ-4",
      "summary": "Build career planning chat interface for AI-generated career guidance",
      "acceptanceCriteria": [
        "Chat interface allows users to type and submit career-related questions",
        "Backend generates relevant, helpful career guidance responses",
        "Chat history is displayed in a conversational format with user and AI messages clearly distinguished"
      ],
      "file_operations": [
        {
          "path": "frontend/src/pages/CareerChatPage.tsx",
          "operation": "create",
          "description": "Create career chat page with conversational interface showing chat history and message input. Display user messages and AI responses with distinct styling. Store chat history in component state or user profile if persistence is needed."
        },
        {
          "path": "frontend/src/components/ChatInterface.tsx",
          "operation": "create",
          "description": "Create chat interface component with scrollable message container, message input field with send button, loading indicator for AI response generation, and auto-scroll to latest message functionality."
        },
        {
          "path": "frontend/src/components/ChatMessage.tsx",
          "operation": "create",
          "description": "Create chat message component rendering individual messages with different styling for user vs AI messages. Include timestamp, message content, and optional avatar or icon to distinguish message sender."
        },
        {
          "path": "frontend/src/hooks/useCareerChat.ts",
          "operation": "create",
          "description": "Create custom hook managing chat state: message history array, sending messages, receiving AI responses, and handling loading/error states. Interface with backend for AI response generation."
        },
        {
          "path": "frontend/src/App.tsx",
          "operation": "modify",
          "description": "Add route for CareerChatPage at /chat path. Wrap route with authentication guard to ensure only logged-in users can access."
        }
      ]
    },
    {
      "id": "REQ-5",
      "summary": "Implement skill gap analysis with learning path recommendations",
      "acceptanceCriteria": [
        "Users can input their current skills and target job role",
        "Backend identifies skill gaps and generates personalized learning recommendations",
        "Frontend displays skill comparison visualization and recommended courses or resources"
      ],
      "file_operations": [
        {
          "path": "frontend/src/pages/SkillGapAnalysisPage.tsx",
          "operation": "create",
          "description": "Create skill gap analysis page with form for inputting current skills and target job role, results section displaying skill comparison visualization, identified gaps, and learning recommendations. Fetch target skills from user profile's careerGoals array."
        },
        {
          "path": "frontend/src/components/SkillInputForm.tsx",
          "operation": "create",
          "description": "Create form component for entering current skills (multi-select or tags input), target job role (text input or dropdown), and target industries. Include form validation and submission handling."
        },
        {
          "path": "frontend/src/components/SkillComparisonChart.tsx",
          "operation": "create",
          "description": "Create visualization component comparing current skills vs target job requirements using bar chart, radar chart, or similar visual representation. Highlight skill gaps in red/orange and matching skills in green."
        },
        {
          "path": "frontend/src/components/LearningRecommendations.tsx",
          "operation": "create",
          "description": "Create component displaying personalized learning path recommendations as cards or list items. Each recommendation includes skill to develop, suggested resources or courses, and priority level."
        },
        {
          "path": "frontend/src/hooks/useSkillGapAnalysis.ts",
          "operation": "create",
          "description": "Create custom hook managing skill gap analysis: submitting current skills and target role, receiving analysis results, and handling loading/error states. Interface with backend for skill comparison and recommendations."
        },
        {
          "path": "frontend/src/App.tsx",
          "operation": "modify",
          "description": "Add route for SkillGapAnalysisPage at /skills path. Wrap route with authentication guard to ensure only logged-in users can access."
        }
      ]
    },
    {
      "id": "REQ-6",
      "summary": "Create user profile system with Internet Identity authentication",
      "acceptanceCriteria": [
        "Users can authenticate using Internet Identity",
        "User profile stores career goals, resume data, and chat history",
        "Users can view and update their profile information"
      ],
      "file_operations": [
        {
          "path": "frontend/src/components/LoginButton.tsx",
          "operation": "create",
          "description": "Use the authorization component to create login button component using useInternetIdentity hook for authentication. Handle login/logout actions and clear cached data on logout using queryClient.clear(). Display appropriate button text based on authentication state (Login/Logging in.../Logout). Verify the authorization component's usage instructions before implementing."
        },
        {
          "path": "frontend/src/components/ProfileSetupModal.tsx",
          "operation": "create",
          "description": "Use the authorization component to create modal prompting new users for their name and basic information on first login. Submit profile data via saveCallerUserProfile. Only show when user is authenticated but getCallerUserProfile returns null. Implement proper loading state handling to prevent modal flash using pattern from authorization component usage. Verify the authorization component's usage instructions before implementing."
        },
        {
          "path": "frontend/src/pages/ProfilePage.tsx",
          "operation": "create",
          "description": "Create user profile page displaying user's name, career goals, uploaded resume count, and recent activity summary. Provide edit functionality for updating profile information via saveCallerUserProfile. Fetch profile data using getCallerUserProfile."
        },
        {
          "path": "frontend/src/components/ProfileEditor.tsx",
          "operation": "create",
          "description": "Create profile editor component with form fields for name, career goals, target industries, and other profile metadata. Include save/cancel actions and form validation."
        },
        {
          "path": "frontend/src/hooks/useUserProfile.ts",
          "operation": "create",
          "description": "Use the authorization component to create custom hook using React Query for fetching and caching user profile via getCallerUserProfile. Handle profile updates via saveCallerUserProfile with optimistic updates and cache invalidation. Follow the authorization component's pattern for preventing profile setup modal flash. Verify the authorization component's usage instructions before implementing."
        },
        {
          "path": "frontend/src/components/AuthGuard.tsx",
          "operation": "create",
          "description": "Use the authorization component to create authentication guard component wrapping protected routes. Redirect unauthenticated users to landing page. Show loading state while checking authentication. Verify the authorization component's usage instructions before implementing."
        },
        {
          "path": "frontend/src/App.tsx",
          "operation": "modify",
          "description": "Add route for ProfilePage at /profile path. Wrap route with authentication guard. Include ProfileSetupModal at app level to prompt new users after login."
        }
      ]
    },
    {
      "id": "REQ-7",
      "summary": "Design and implement dashboard with career progress overview and quick actions",
      "acceptanceCriteria": [
        "Dashboard shows overview of user's career planning activities",
        "Quick action buttons for resume upload and starting career chat",
        "Visual progress indicators for career goals and milestones"
      ],
      "file_operations": [
        {
          "path": "frontend/src/pages/DashboardPage.tsx",
          "operation": "create",
          "description": "Create dashboard page displaying career progress overview cards, recent resume feedback summary, career goals progress, and quick action buttons for resume upload and career chat. Fetch data from user profile including uploadedResumes, reviewedResumes, and careerGoals arrays. Requires user authentication."
        },
        {
          "path": "frontend/src/components/DashboardHeader.tsx",
          "operation": "create",
          "description": "Create dashboard header component with welcome message using user's name from profile, quick stats summary (resumes uploaded, goals set), and date/time information."
        },
        {
          "path": "frontend/src/components/ProgressCard.tsx",
          "operation": "create",
          "description": "Create reusable progress card component displaying metric name, current value, target value, and visual progress bar or circular indicator. Support different color schemes for different metric types."
        },
        {
          "path": "frontend/src/components/QuickActions.tsx",
          "operation": "create",
          "description": "Create quick actions component with prominent action buttons for key features: Upload Resume (navigates to resume upload page), Start Career Chat (navigates to chat page), and Analyze Skills (navigates to skill gap analysis page). Use shadcn/ui Button components."
        },
        {
          "path": "frontend/src/components/RecentActivity.tsx",
          "operation": "create",
          "description": "Create recent activity component displaying timeline or list of user's recent actions: resume uploads, chat sessions, skill analyses. Show timestamps and brief descriptions for each activity."
        },
        {
          "path": "frontend/src/components/Navigation.tsx",
          "operation": "create",
          "description": "Create main navigation component with links to key pages (Dashboard, Resume Upload, Resume Review, Career Chat, Skills Analysis, Profile) and LoginButton. Show different navigation items based on authentication state. Use responsive design with mobile menu for small screens."
        },
        {
          "path": "frontend/src/components/Layout.tsx",
          "operation": "create",
          "description": "Create layout component wrapping all authenticated pages with Navigation component and consistent page structure. Apply consistent padding, max-width constraints, and background styling."
        },
        {
          "path": "frontend/src/App.tsx",
          "operation": "modify",
          "description": "Add route for DashboardPage at /dashboard path. Wrap route with authentication guard and Layout component. Set dashboard as default authenticated landing page."
        }
      ]
    }
  ]
}