{
  "schemaVersion": "1.0.0",
  "projectStateVersion": 3,
  "summary": "Career Planning & Resume Mentor application with Streamlit frontend and Claude backend",
  "architectural_notes": [
    "Frontend: Streamlit for web interface",
    "Backend: Claude AI for career guidance and resume analysis",
    "Full-stack Python application"
  ],
  "known_issues": [],
  "isFixRequest": false,
  "imageRequirements": "## Required Images\n- Professional hero background image showing career growth theme with abstract geometric patterns in warm, professional tones (hero-background.dim_1920x1080.png)\n- Career planning icon illustration with upward arrow and briefcase motif (career-icon.dim_200x200.png)\n- Resume review icon illustration with document and checkmark design (resume-icon.dim_200x200.png)\n- Skills development icon illustration with ascending bar chart style (skills-icon.dim_200x200.png)",
  "existing_features": [
    {
      "id": "feature-create-a-professional-landing-page-with-sections-for-career-planning-services-resume-mentoring-features-and-user-testimonials-with-a-modern-professional-design-aesthetic",
      "title": "Create a professional landing page with sections for career planning services, resume mentoring features, and user testimonials with a modern, professional design aesthetic",
      "reqIds": [
        "REQ-1"
      ],
      "version": 1
    },
    {
      "id": "feature-implement-a-resume-upload-and-analysis-feature-that-accepts-pdf-and-docx-file-formats-extracts-text-content-and-stores-resume-data-in-the-backend",
      "title": "Implement a resume upload and analysis feature that accepts PDF and DOCX file formats, extracts text content, and stores resume data in the backend",
      "reqIds": [
        "REQ-2"
      ],
      "version": 1
    },
    {
      "id": "feature-create-an-ai-powered-resume-review-system-that-analyzes-uploaded-resumes-and-provides-detailed-feedback-on-structure-content-keywords-formatting-and-improvement-suggestions",
      "title": "Create an AI-powered resume review system that analyzes uploaded resumes and provides detailed feedback on structure, content, keywords, formatting, and improvement suggestions",
      "reqIds": [
        "REQ-3"
      ],
      "version": 1
    },
    {
      "id": "feature-build-a-career-planning-chat-interface-where-users-can-ask-questions-about-career-paths-skill-development-job-market-trends-and-receive-ai-generated-guidance",
      "title": "Build a career planning chat interface where users can ask questions about career paths, skill development, job market trends, and receive AI-generated guidance",
      "reqIds": [
        "REQ-4"
      ],
      "version": 1
    },
    {
      "id": "feature-implement-a-skill-gap-analysis-feature-that-compares-user-s-current-skills-against-target-job-requirements-and-suggests-learning-paths",
      "title": "Implement a skill gap analysis feature that compares user's current skills against target job requirements and suggests learning paths",
      "reqIds": [
        "REQ-5"
      ],
      "version": 1
    },
    {
      "id": "feature-create-a-user-profile-system-that-stores-user-information-career-goals-uploaded-resumes-and-conversation-history-with-authentication-through-internet-identity",
      "title": "Create a user profile system that stores user information, career goals, uploaded resumes, and conversation history with authentication through Internet Identity",
      "reqIds": [
        "REQ-6"
      ],
      "version": 1
    },
    {
      "id": "feature-design-and-implement-a-dashboard-that-displays-user-s-career-progress-recent-resume-feedback-upcoming-goals-and-quick-access-to-mentoring-features",
      "title": "Design and implement a dashboard that displays user's career progress, recent resume feedback, upcoming goals, and quick access to mentoring features",
      "reqIds": [
        "REQ-7"
      ],
      "version": 1
    }
  ],
  "new_feature_requests": [
    {
      "id": "AR-1",
      "summary": "Streamlit frontend interface",
      "reqIds": [],
      "status": "pending"
    },
    {
      "id": "AR-2",
      "summary": "Claude AI backend integration",
      "reqIds": [],
      "status": "pending"
    },
    {
      "id": "AR-3",
      "summary": "Career planning functionality",
      "reqIds": [],
      "status": "pending"
    },
    {
      "id": "AR-4",
      "summary": "Resume mentoring/review features",
      "reqIds": [],
      "status": "pending"
    },
    {
      "id": "AR-5",
      "summary": "Professional website design",
      "reqIds": [],
      "status": "pending"
    }
  ],
  "gameProjectType": "none",
  "projectName": "Career Planning & Resume Mentor",
  "clarification_mode": "instant",
  "clarification_rounds": 0
}