{
  "kind": "spec_vs_diff_report",
  "version": "1.0",
  "generatedAt": "2026-02-24T10:09:35.525Z",
  "summary": "The implementation provides significant coverage of the BuildRequest requirements. The frontend architecture with React/TypeScript is in place with routing, authentication via Internet Identity, and multiple feature pages (landing, dashboard, resume upload, resume review, career chat, skill gap analysis, profile). The backend (Motoko) implements user profile storage with Internet Identity-based access control. However, several critical features have incomplete or missing backend logic, particularly around AI-powered resume analysis, career guidance generation, and skill gap analysis. The required images are referenced but not verified in the diff.",
  "missing_requirements": [
    {
      "id": "REQ-2",
      "requirement": "Backend successfully extracts and stores resume text content from PDF/DOCX files",
      "reason": "The backend stores ExternalBlob objects for uploaded resumes but does not implement text extraction from PDF or DOCX formats. The ResumeUploader component uploads files as blobs without text processing.",
      "evidence": [
        "backend/main.mo",
        "frontend/src/components/ResumeUploader.tsx"
      ]
    },
    {
      "id": "REQ-3",
      "requirement": "Backend processes resume text and generates structured feedback",
      "reason": "The backend defines ResumeFeedback type but does not implement any resume analysis logic. The ResumeFeedback component uses hardcoded mock data instead of backend-generated analysis.",
      "evidence": [
        "backend/main.mo",
        "frontend/src/components/ResumeFeedback.tsx"
      ]
    },
    {
      "id": "REQ-4",
      "requirement": "Backend generates relevant, helpful career guidance responses",
      "reason": "The ChatInterface component uses mock responses with setTimeout simulation. The backend has no career guidance generation logic or conversation history storage.",
      "evidence": [
        "frontend/src/components/ChatInterface.tsx",
        "backend/main.mo"
      ]
    },
    {
      "id": "REQ-5",
      "requirement": "Backend identifies skill gaps and generates personalized learning recommendations",
      "reason": "Backend defines SkillGapAnalysis type but provides no implementation. The SkillGapAnalysisPage likely uses mock data similar to other features.",
      "evidence": [
        "backend/main.mo"
      ]
    },
    {
      "id": "REQ-6",
      "requirement": "User profile stores conversation history",
      "reason": "UserProfile type does not include a field for conversation history. The Conversation type is defined but not integrated into the profile storage.",
      "evidence": [
        "backend/main.mo"
      ]
    },
    {
      "id": "REQ-7",
      "requirement": "Visual progress indicators for career goals and milestones",
      "reason": "Dashboard includes ProgressCard components but these appear to show static counts rather than actual goal progress tracking. No milestone tracking is evident in the backend or frontend.",
      "evidence": [
        "frontend/src/pages/DashboardPage.tsx",
        "frontend/src/components/ProgressCard.tsx"
      ]
    }
  ],
  "hallucinated_features": [
    {
      "description": "Admin permission system with role-based access control",
      "reason": "The backend includes AccessControl with admin permissions and methods like getAllProfiles() restricted to admins. This was not requested in the BuildRequest.",
      "evidence": [
        "backend/main.mo"
      ]
    },
    {
      "description": "Blob storage mixin with external blob handling",
      "reason": "The backend includes MixinStorage and complex blob storage infrastructure (Storage.ExternalBlob) beyond the simple file upload and text extraction requested.",
      "evidence": [
        "backend/main.mo"
      ]
    }
  ],
  "confidence": 0.85,
  "changed_files": [
    "all_files_summary.json",
    "backend/main.mo",
    "frontend-file-summaries.txt",
    "frontend/index.css",
    "frontend/index.html",
    "frontend/src/App.tsx",
    "frontend/src/components/AuthGuard.tsx",
    "frontend/src/components/ChatInterface.tsx",
    "frontend/src/components/ChatMessage.tsx",
    "frontend/src/components/DashboardHeader.tsx",
    "frontend/src/components/FeedbackSection.tsx",
    "frontend/src/components/HeroSection.tsx",
    "frontend/src/components/Layout.tsx",
    "frontend/src/components/LearningRecommendations.tsx",
    "frontend/src/components/LoginButton.tsx",
    "frontend/src/components/Navigation.tsx",
    "frontend/src/components/ProfileEditor.tsx",
    "frontend/src/components/ProfileSetupModal.tsx",
    "frontend/src/components/ProgressCard.tsx",
    "frontend/src/components/QuickActions.tsx",
    "frontend/src/components/RecentActivity.tsx",
    "frontend/src/components/ResumeFeedback.tsx",
    "frontend/src/components/ResumeList.tsx",
    "frontend/src/components/ResumeUploader.tsx",
    "frontend/src/components/ServicesSection.tsx",
    "frontend/src/components/SkillComparisonChart.tsx",
    "frontend/src/components/SkillInputForm.tsx",
    "frontend/src/components/TestimonialsSection.tsx",
    "frontend/src/hooks/useActor.ts",
    "frontend/src/hooks/useInternetIdentity.ts",
    "frontend/src/hooks/useQueries.ts",
    "frontend/src/index.css",
    "frontend/src/main.tsx",
    "frontend/src/pages/CareerChatPage.tsx",
    "frontend/src/pages/DashboardPage.tsx",
    "frontend/src/pages/LandingPage.tsx",
    "frontend/src/pages/ProfilePage.tsx",
    "frontend/src/pages/ResumeReviewPage.tsx",
    "frontend/src/pages/ResumeUploadPage.tsx",
    "frontend/src/pages/SkillGapAnalysisPage.tsx",
    "frontend/src/utils/urlParams.ts",
    "frontend/tailwind.config.js",
    "project_state.json"
  ]
}